<?xml version="1.0" encoding="UTF-8"?>

    <feed xmlns="http://www.w3.org/2005/Atom" xml:lang="es-es">
    <title>Sindicación de contenidos Atom</title>
    <updated>2023-02-09T21:06:03Z</updated>
    <link rel="alternate" type="application/atom+xml" href="http://www.ejercicio.com"/>
    <link rel="alternate" type="text/html" href="http://www.ejercicio.com"/>
    <id>http://www.ejercicio.com/feed/atom</id>

    <entry>
        <title>Tiempo</title>
        <link rel="alternate" type="text/html" href="http://www.eltiempo24.es/"/>
        <updated>2023-02-09T21:09:12Z</updated>
        <id>http://www.eltiempo24.es/</id>
        <author>
            <name>Marina Laguna</name>
            <email>marinalaguna@gmail.com</email>
        </author>
        <summary>El tiempo meteorlógico diario</summary>
    </entry>

    <entry>
        <title>Marca</title>
        <link rel="alternate" type="text/html" href="https://www.marca.com/"/>
        <updated>2023-02-09T21:15:46Z</updated>
        <id>https://wwww.marca.com/</id>
        <author>
            <name>Marina Laguna</name>
            <email>marinalaguna@gmail.com</email>
        </author>
        <summary>El marca actualidad de deportes</summary> 
    </entry>

    </feed>