<?xml version="1.0" encoding="utf-8"?>
<rss version="2.0">

    <channel>
        <title>Sindicación de contenidos RSS</title>
        <link>http://www.infoalisal.com</link>
        <description>Este es un ejemplo de web basada en la sindicación de contenidos</description>
        <language>es</language>
        <item>
            <title>Tiempo</title>
            <link>http://www.eltiempo24.es/</link>
            <description>El tiempo meteorológico diario de tu ciudad</description>
        </item>
        <item>
            <title>Marca</title>
            <link>https://www.marca.com/</link>
            <description>Actualidad de deportes através de MARCA</description>
        </item>
    </channel>
</rss>