<?xml version="1.0" encoding="UTF-8"?>
<!DOCTYPE menu>
<menu>
	<plato>
		<gofres_Belgas>Dos de nuestros famosos Gofres Belgas con abundante sirope</gofres_Belgas>
		<precio>5.95(en euros)</precio>
		<calorias>650</calorias>
		<gofres_fresas>Ligeros gofres belgas cubiertos de fresas y nata montada</gofres_fresas>
		<precio>7.95(en euros)</precio>
		<calorias>900</calorias>
		<gofres_frutas>Ligeros gofres belgas cubiertos con frutas del bosque y nata montada</gofres_frutas>
		<precio>8.95(en euros)</precio>
		<calorias>900</calorias>
	</plato>
	<plato>
		<tostada_francesa>Dos gruesas rebanadas de nuestro pan francés casero<tostada_francesa>
		<precio>4.50(en euros)</precio>
		<calorias>600</calorias>
	</plato>
	<plato>
		<desayuno_casa>Dos huevos, bacon o salchicha, tostada y patatas fritas</desayuno_casa>
		<precio>6.95(en euros)</precio>
		<calorias>950</calorias>
	</plato>
</menu>