<?xml version="1.0" encoding="UTF-8"?>
<!DOCTYPE arboles>
<arboles>
	<tipo>
		<nombre_cienti>Acer monspessulanum.</nombre_cienti>
		<nombre_comun>arce de Montpellier, Arce menor</nombre_comun>
		<vegetacion>Caducifolio</vegetacion>
		<altura>De 6 a 10 metros</altura>
		<estructura>Copa esferica. Tronco principal recto con bifurcaciones. Ramaje colgante</estructura>
		<color_primav>Haz verde brillante, enves verde blanquecino</color_primav>
		<resistencia_helad>Heladas fuertes (hasta -15ºC)
	</tipo>
	<tipo>
		<nombre_cienti>Olea europea</nombre_cienti>
		<nombre_comun>Olivo<nombre_comun>
		<vegetacion>Perenne<vegetacion>
		<altura>De 8 a 15 metros</altura>
		<estructura>Copa irregular. Tronco principal irregular con bifurcaciones</estructura>
ç	</tipo>
	<tipo>
		<nombre_cienti>Ramaje tortuoso</nombre_cienti>
		<color_primav>Haz verde oscuro, enves verde plateado</color_primav>
		<resistencia_helad>Heladas medias (hasta -10ºC)<resistencia_helad>
	</tipo>
	<tipo>
		<nombre_cienti>Platanus orientalis</nombre_cienti>
		<nombre_comun>Platano<nombre_comun>
		<vegetacion>Caducifolio<vegetacion>
		<altura>De 20 a 25 metros</altura>
		<estructura>Copa ovoidal. Tronco principal recto. Ramaje expandido</estructura>
		<color_primav>Haz verde medio, enves verde claro</color_primav>
		<color_otoño>Ocre</color_otoño>
		<resistencia_helad>Heladas fuertes (hasta -20ºC)<resistencia_helad>
	</tipo>
	<tipo>
		<nombre_cienti>Quercus ilex</nombre_cienti>
		<nombre_comun>encina<nombre_comun>
		<vegetacion>Perenne<vegetacion>
		<altura>Entorno a 25 metros</altura>
		<estructura>Copa esferica o eliptica irregular. Tronco principal recto. Ramaje tortuoso</estructura>
		<color_primav>Plateado en hojas jóvenes. en hojas antiguas, haz verde oscuro, enves plateado</color_primav>
		<resistencia_helad>Heladas fuertes (hasta -15ºC)<resistencia_helad>
	</tipo>
</arboles>