<?xml version="1.0" encoding="UTF-8"?>
<!DOCTYPE ciudades>
<ciudades>
    <ciudad>
        <nombre>Nueva Delhi</nombre>
        <ubicacion>
            <pais>India</pais> 
            <continente nombre="Ásia"></continente>
        </ubicacion>
    </ciudad>
    <ciudad>
        <nombre>Lisboa</nombre>
        <ubicacion> 
            <pais>Portugal</pais>
            <continente nombre="Europa"></continente>
        </ubicacion>
    </ciudad>
    <ciudad>
        <nombre>El Cairo</nombre>
        <ubicacion>
            <pais>Egipto</pais>
            <continente nombre="África"></continente>
        </ubicacion>
    </ciudad>
</ciudades>