<?xml version="1.0" encoding="UTF-8"?>
<!DOCTYPE equipos>
<equipos>
    <equipo>
        <nombre>Real Madrid</nombre>
        <ciudad>Madrid</ciudad>
        <entrenador>Carlo Ancelotti</entrenador>
        <jugadores>
            <jugador posicion="delantero"></jugador>
                <nombre>Marco Asensio</nombre>
            <jugador posicion="defensa"></jugador>
                <nombre>Álvaro Odriozola</nombre>
        </jugadores>
    </equipo>
    <equipo>
        <nombre>FC Barcelona</nombre>
        <ciudad>Barcelona</ciudad>
        <entrenador>Xavi Hernández</entrenador>
        <jugadores>
            <jugador posicion="centrocampo"></jugador>
                <nombre>Jordi Alba</nombre>
            <jugador posicion="defensa"></jugador>
                <nombre>Gerad Piqué</nombre>
        </jugadores>
    </equipo>
</equipos>